p_first_name,p_second_name,p_first_surname,p_second_surname,p_email,p_password,p_city,p_address,p_phone,p_gender,p_user_type
Giordano,Earl,Lammie,Tomasian,etomasian0@amazon.com,vtpHBMK2bsL,Buawan,05 Sullivan Circle,3203700107,Masculino,entidad
Row,Alexei,Jaime,Cringle,acringle1@simplemachines.org,urvrD72YA,Hōjō,85835 Center Crossing,8520735061,Masculino,admin
Hewet,Yankee,Vannozzii,Evelyn,yevelyn2@vk.com,8HFA4EwRAYA,Valencia,9917 Vera Pass,1802084045,Femenino,entidad
Irita,Taddeo,Gyford,Doone,tdoone3@photobucket.com,2TeQk2D,Pengilon,01973 Carpenter Circle,9894795870,Femenino,admin
Fields,Talbert,Trever,Blackborough,tblackborough4@bandcamp.com,CZxgETL,Huancapallac,63 Columbus Trail,1802084045,Masculino,admin
Joyann,Melisenda,Mathonnet,Dunbleton,mdunbleton5@joomla.org,w87IfGrh0x,Sake,55 Morningstar Junction,2221843983,Femenino,entidad
Maddi,Amandie,Placidi,Ehrat,aehrat6@cbsnews.com,mjXXRsEC,Alistráti,8 Maple Wood Circle,5846557996,Masculino,admin
Flem,Earl,Frankland,Harroll,eharroll7@adobe.com,50sdGGCYC,Qal‘at al Andalus,981 Caliangt Center,3292404088,Masculino,entidad
Kerry,Filberte,Glauber,Chooter,fchooter8@usgs.gov,z57wLUZ,Sake,55 Morningstar Junction,3203700107,Masculino,admin
Jessie,Cathee,Bronger,Sadgrove,csadgrove9@shutterfly.com,Jgxm1A7FuUW,Brudzeń Duży,498 Manufacturers Road,2221843983,Masculino,basico
Leena,Augie,Gillyett,Salzberg,asalzberga@sciencedirect.com,d8C2JVb,Buchou,902 Meadow Vale Crossing,9446671310,Masculino,basico
Caressa,Caralie,Bynold,Readie,creadieb@google.com,b0KXU2h,São Domingos do Maranhão,3058 Magdeline Avenue,0847387828,Femenino,basico
Kathryne,Rurik,Stannas,Vuitte,rvuittec@harvard.edu,6fb04vU7S,Tlogotunggal,41119 Bluejay Drive,8068652183,Otro,entidad
Fionna,Christi,Gayther,Lapidus,clapidusd@webs.com,8eSiK0bAhew,Brunflo,08383 La Follette Junction,0847387828,Masculino,basico
Bobine,Inge,Le Borgne,MacIlhagga,imacilhaggae@ycombinator.com,ycgFrk,Tlogotunggal,41119 Bluejay Drive,8520735061,Masculino,entidad
Kimberly,Robina,Horney,Powelee,rpoweleef@businessinsider.com,EvGeoL,Lendangara Satu,2 Eastwood Terrace,6112378965,Otro,basico
Samaria,Van,Cleminshaw,Highwood,vhighwoodg@google.fr,HIwOoRY9V,Tsurib,0 Hudson Plaza,9556224092,Masculino,basico
Lisa,Sebastien,Catt,Noon,snoonh@acquirethisname.com,lVl6Y0hGT,Alistráti,8 Maple Wood Circle,9446671310,Otro,admin
Skipp,Evered,Charlin,Lusher,elusheri@oracle.com,U3izUF0x,Sake,55 Morningstar Junction,6942205907,Femenino,entidad
Fran,Gladi,Bole,Jervois,gjervoisj@toplist.cz,KyRCUCTGWr,Tsurib,0 Hudson Plaza,8068652183,Femenino,admin
Tait,Suzanna,Pietruszka,Torri,storrik@simplemachines.org,t4RObA5,Atlanta,64222 Hoffman Center,2230000799,Otro,basico
Sindee,Grier,Vase,Canham,gcanhaml@ustream.tv,237tkbG,Tlogotunggal,41119 Bluejay Drive,9556224092,Femenino,entidad
Steven,Belle,Rippon,Elegood,belegoodm@printfriendly.com,JqzUkD9zwrso,Tsurib,0 Hudson Plaza,9763883776,Femenino,entidad
Yasmeen,Martie,Fairbard,Hallgalley,mhallgalleyn@hugedomains.com,tncnKBAo37H,Qal‘at al Andalus,981 Caliangt Center,9763883776,Femenino,admin
Juline,Gale,Gretton,Bruin,gbruino@canalblog.com,H5o9IWlqUVIt,Valdemarsvik,48833 Oak Valley Hill,5846557996,Otro,basico
Jorge,Rollin,Clubbe,Cejka,rcejkap@marriott.com,MiERVKkNxio,Tsurib,0 Hudson Plaza,1794953329,Femenino,admin
Hort,Valeria,Borrell,Yitzowitz,vyitzowitzq@fema.gov,xRVzgJ,Atlanta,64222 Hoffman Center,6702936605,Femenino,basico
Ariella,Camel,Masarrat,Parram,cparramr@arizona.edu,kzGQdIKRkv,Tlogotunggal,41119 Bluejay Drive,9556224092,Otro,admin
Lani,Sada,Jerger,Corton,scortons@twitpic.com,ETANuq,Valencia,9917 Vera Pass,9446671310,Femenino,basico
Andres,Courtnay,Castelain,Borgars,cborgarst@quantcast.com,rzzCab,Huancapallac,63 Columbus Trail,5846557996,Otro,basico
